{
  "train_losses": [
    0.6468697568766013,
    0.4491629322924069,
    0.4275412660287103,
    0.36781320532080886,
    0.3299092414850477,
    0.3090308326766018,
    0.2785966302288732,
    0.2482190608680659,
    0.229065885551828,
    0.21577246605416056
  ],
  "val_losses": [
    0.375807388088642,
    0.5621718801558018,
    0.6647049743586626,
    0.8600013131896654,
    0.304225654532321,
    0.28214981077382195,
    0.23386001804222664,
    0.23275742271485236,
    0.1927056982038686,
    0.19560198711517912
  ],
  "train_accs": [
    0.6701191092698084,
    0.7973416191955809,
    0.8187467633350596,
    0.8493008803728638,
    0.8689798032107716,
    0.8826169514931814,
    0.8941826342137063,
    0.9121353357500431,
    0.9150699119627136,
    0.92180217503884
  ],
  "val_accs": [
    0.8663446054750402,
    0.7560386473429952,
    0.7576489533011272,
    0.6731078904991948,
    0.8832528180354268,
    0.8856682769726248,
    0.9138486312399355,
    0.9146537842190016,
    0.9347826086956522,
    0.9331723027375202
  ],
  "best_val_acc": 0.9347826086956522
}